,Country,City,Latitude,Longitude,Temperature,Humidity,Cloudiness,Wind Speed
6679,co,cajamarca,4.441724,-75.426783,75.51,61,75,8.05
26550,pa,santa rita arriba,9.337777800000001,-79.78,86.05,70,40,8.05
649,at,koflach,47.066666999999995,15.083332999999998,78.64,51,20,8.05
19666,in,udayagiri,20.133333,84.383333,73.63,88,100,2.53
8600,de,bitterfeld,51.616667,12.316667,90,24,0,6.93
34356,ro,stiuca,45.571389,21.976667000000003,78.8,44,0,10.29
33459,ro,macea,46.383333,21.3,78.8,50,0,6.93
7206,co,puerto lleras,3.022247,-73.404402,80.65,88,40,1.01
30332,ph,tagburos,9.8279,118.743,82.81,76,100,12.64
29650,ph,rimos,16.8764,120.3966,79.03,85,100,4.79
41228,ua,chornobay,49.670790999999994,32.32387,64.81,85,57,7.47
3904,br,santo antonio de jesus,-12.966667,-39.266667,78.67,57,0,12.03
42702,us,east hampton,41.5758333,-72.5030556,79.72,44,20,4.7
5530,ch,volketswil,47.389983,8.691548,88.36,15,76,1.99
43117,us,saint marys,30.7302778,-81.5466667,78.1,74,75,9.17
37600,ru,pervomayskiy,51.5367,55.00464300000001,69.8,56,0,8.95
7102,co,nechi,8.094189,-74.775733,89.65,55,61,4.03
482,ar,cordoba,-31.413496000000002,-64.18105200000001,53.51,66,75,6.93
19585,in,tezpur,26.633333,92.8,79.21,86,100,3.42
28587,ph,lasam,18.065185999999997,121.600651,74.53,96,100,1.92
21413,jp,izumiotsu,34.5,135.4,76.78,94,67,3.36
18493,in,maihar,24.266667,80.75,79.57,83,91,8.25
41413,ua,kryva,48.172339,23.236473,72.95,69,32,2.24
9842,de,wernigerode,51.833333,10.783333,91.96,28,0,8.05
18169,in,kasimbazar,24.116667,88.283333,78.67,88,100,5.64
36332,ru,kidero,42.193699,45.95882,48.07,89,17,5.19
31008,pk,wah,33.797995,72.69570300000001,85.15,70,75,19.46
61,af,taloqan,36.734133,69.533559,86.23,18,0,5.06
22922,mk,struga,41.17805560000001,20.6761111,77,38,40,5.82
11154,et,dilla,6.4166669999999995,38.316666999999995,72.19,74,100,1.45
32890,ro,densus,45.583333,22.8,61.21,87,25,1.68
45074,us,north canton,40.8758333,-81.4025,73.53,50,40,9.17
12129,fr,vandoeuvre-les-nancy,48.662127000000005,6.178281,99.37,24,0,5.82
32051,re,sainte-marie,-20.8833333,55.55,64.53,64,0,16.11
8456,de,altensteig,48.583333,8.6,93.74,34,0,2.24
33149,ro,giulvaz,45.548889,20.984444,79.72,44,0,10.29
17632,in,dungarpur,23.833333,73.716667,82.81,76,100,12.59
2534,br,brejo da madre de deus,-8.15,-36.366667,76.87,58,80,14.43
22240,kz,zyryanovsk,49.738611,84.27194399999999,48.97,89,100,4.25
6434,cn,xinyang,32.095833,114.120278,79.03,90,17,7.29
7716,cu,jobabo,20.9691667,-76.2994444,91.4,52,40,6.93
45414,us,vega baja,18.4463889,-66.3880556,89.04,70,40,11.41
21040,it,tempio pausania,40.9,9.1,92.79,49,0,9.17
32207,ro,balaciu,44.633333,26.883333,77.4,50,20,4.7
19165,in,ranaghat,23.183332999999998,88.583333,80.6,88,75,3.36
31469,pt,alhadas,40.186071999999996,-8.790567999999999,78.6,73,0,9.17
38294,ru,sovetsk,57.5182,49.1222,61.57,81,13,2.39
40059,td,moissala,8.35,17.7666667,77.95,77,82,2.53
6903,co,guaca,6.876208999999999,-72.85594,75.2,78,40,8.05
4025,br,sao tome,-5.971389,-36.073611,83.17,52,80,13.33
9236,de,lubbecke,52.3,8.616667,94.93,28,20,6.93
25218,ne,tillabery,14.211666699999999,1.4530556000000001,96.49,32,38,4.05
23673,mx,cosolapa,18.608333,-96.675,65.35,85,84,5.1
6409,cn,xianyang,34.33778,108.70261,77,83,0,2.24
9111,de,kirchheim,48.65,9.45,91.06,30,0,8.05
38538,ru,terney,45.050278000000006,136.60916699999999,55.81,98,100,6.29
38597,ru,troitskoye,52.9821,84.6757,57.61,97,100,2.17
42318,us,foothill farms,38.6763889,-121.3352778,86.32,30,1,3.36
45346,us,aibonito,18.1419444,-66.2663889,89.01,62,20,19.46
23300,mx,acuitzio,19.483333,-101.333333,69.8,64,75,5.82
4492,ca,caledon east,43.866667,-79.866667,77.45,41,75,5.82
28184,ph,gang,7.245833,124.26638899999999,79.39,76,100,2.93
31882,py,alto vera,-26.583333000000003,-55.63333299999999,63.01,85,100,2.73
27109,ph,ayusan,14.016667000000002,121.4,81.12,78,40,4.7
40011,sz,bhunya,-26.55,31.016666700000002,57.2,71,0,10.29
39732,sl,blama,7.873611099999999,-11.343333300000001,78.49,81,87,3.24
25634,nl,oirschot,51.50343,5.308304,92.17,36,20,6.93
22029,ke,moyale,3.5163888999999995,39.069166700000004,74.35,48,79,7.47
25751,nl,zundert,51.469444,4.658109,89.13,40,90,11.41
32630,ro,chetani,46.466667,24.033333,74.03,60,20,6.93
8116,cz,milovice,50.228034,14.889739000000002,87.89,27,0,6.93
42277,us,cudahy,33.960555600000006,-118.18444440000002,86.58,45,1,5.91
29282,ph,ogod,12.9009,123.617,79.93,83,20,2.53
32276,ro,bazna,46.2,24.283333,74.05,60,20,6.93
17275,in,biaora,23.866667,76.916667,86.59,65,100,0.47
17243,in,bhavani,11.45,77.68333299999999,78.85,82,93,3.94
26387,pa,chame,8.583333300000001,-79.8833333,85.39,83,40,8.05
16549,id,ternate,0.8,127.4,79.93,83,90,13.2
25878,no,holmestrand,59.488333,10.302778,75.42,56,0,6.93
2042,bg,razlog,41.8902778,23.4791667,54,74,0,7.23
25228,ng,aku,6.7081,7.3167,77.41,90,88,4.03
35426,ru,bogatyye saby,56.0102,50.4483,61.57,84,42,3.89
44781,us,massapequa,40.680555600000005,-73.4747222,80.28,57,1,11.41
20859,it,rivoli,45.066666999999995,7.516667,85.57,58,0,5.82
19968,ir,rehnan,32.684616999999996,51.601290000000006,87.8,9,20,6.93
32042,re,cilaos,-21.1166667,55.466666700000005,64.54,68,75,13.87
5004,ca,smoky lake,54.11305600000001,-112.473611,75,81,100,4.18
43570,us,wichita,37.6922222,-97.33722220000001,79.72,47,40,9.17
45936,us,manassas park,38.783888899999994,-77.47,81.93,45,75,6.93
9688,de,stockach,47.85,9.016667,89.82,41,0,3.36
2499,br,boca da mata,-9.6,-36.25,73.99,80,25,10.51
10979,es,pravia,43.492473,-6.1113029999999995,75.06,83,40,5.82
14017,gr,neokhoropoulon,39.6286111,20.834166699999997,77.31,35,20,2.35
45731,us,new braunfels,29.7027778,-98.1241667,84.78,39,75,11.41
22046,ke,ogembo,-0.8,34.716666700000005,62.65,72,0,2.48
2865,br,esperantina,-3.9,-42.233333,92.71,35,13,4.65
44857,us,syracuse,43.048055600000005,-76.1477778,77.23,53,40,6.93
7228,co,quipama,5.519404,-74.177653,83.53,62,64,2.33
8511,de,bad lauterberg,51.65,10.466667,91.27,41,21,1.99
27025,ph,ambulong,14.088044,121.061272,80.85,78,40,4.7
35803,ru,elektrostal,55.789593,38.446711,63.27,77,40,4.47
19499,in,srinagar,34.092222,74.802222,62.47,86,96,5.66
28774,ph,luzong,16.867,120.44200000000001,79.03,85,100,4.79
14713,gt,zacapa,14.966667000000001,-89.533333,84,30,0,2.59
18222,in,khandela,27.6,75.5,81.01,79,100,8.61
29632,ph,ragandang,6.663862,124.12063500000001,76.15,79,100,3.56
7810,cy,polis,35.036666700000005,32.4263889,79.38,88,20,5.82
15466,hu,csaszartoltes,46.421944,19.183611,76.87,59,65,6.55
30874,pk,mansehra,34.333333,73.2,75.25,75,11,3.33
5409,ch,luzern,47.083333,8.266667,90.37,32,82,5.82
2116,bi,ruyigi,-3.4763888999999994,30.248611100000005,63.19,58,55,5.5
37575,ru,pelagiada,45.206389,42.023610999999995,73.4,73,40,8.95
46663,za,port elizabeth,-33.917988,25.570066,51.8,76,0,5.82
28987,ph,manatal,14.816667,120.9,79.99,78,40,4.7
40911,tz,katumba,-9.233333300000002,33.6166667,52.03,92,0,2.82
892,au,morayfield,-27.108760999999998,152.949066,52.7,50,0,8.05
24722,mx,tlacotepec,20.066667000000002,-97.866667,68.23,59,100,8.25
4996,ca,sherbrooke,45.4,-71.9,70.23,56,40,8.05
15753,hu,letenye,46.433013,16.725832,84.42,40,0,2.24
27890,ph,cavinti,14.244817000000001,121.507974,81.12,78,40,4.7
5499,ch,stafa,47.239059000000005,8.725646000000001,86.76,15,76,1.99
8396,cz,vracov,48.974388,17.21088,87.17,35,0,6.93
7230,co,rafael reyes,4.519521,-74.59293000000001,73.65,55,40,16.11
44302,us,lake saint louis,38.7975,-90.7855556,82.09,51,20,5.82
36955,ru,marks,51.711110999999995,46.748611,78.8,44,0,11.18
15338,hu,abda,47.694641,17.544885,87.15,35,0,4.7
39863,so,dujuma,1.2533333,42.5708333,76.33,65,95,17.52
35794,ru,edissiya,44.051111,44.540833,72.37,65,52,6.58
8977,de,hauzenberg,48.65,13.633332999999999,83.71,24,0,2.24
44544,us,hillsdale,41.0025,-74.0408333,80.92,42,75,6.42
8320,cz,terlicko,49.752945000000004,18.482957,74.82,44,0,12.75
45626,us,conroe,30.3116667,-95.4558333,83.59,44,1,8.05
27305,ph,bantilan,14.758138,121.66901899999999,75.43,87,100,4.45
6297,cn,shanghai,31.045556,121.399722,86.14,74,0,4.47
36145,ru,kamenskoye,62.5,166.2,44.47,83,100,6.08
11133,et,awash,8.983333,40.166667,78.13,54,34,5.37
13940,gr,mikropolis,41.2,23.8166667,77.99,66,97,2.64
11072,es,torredonjimeno,37.767478000000004,-3.9577620000000002,96.67,13,20,9.17
42168,us,mountain home,36.3352778,-92.385,80.92,54,1,4.7
10014,dk,hjortshoj,56.24811,10.265325,74.37,64,46,6.93
16879,in,alirajpur,22.3,74.35,82.09,82,100,9.66
56,af,sar-e pul,36.215443,65.932487,90.01,20,0,14.85
27198,ph,balangbalang,9.056944,125.622778,75.25,86,29,3.09
18295,in,kodumudi,11.083333,77.883333,77.05,78,28,18.61
162,am,aragyukh,40.4025,44.54361110000001,79.92,31,56,3.36
14548,gt,patulul,14.416667000000002,-91.166667,80.83,58,75,4.7
45564,us,oak ridge,36.0102778,-84.2697222,77.92,47,1,5.53
19851,ir,bafq,31.612833000000002,55.410666000000006,76.51,12,0,6.96
14950,hn,la empalizada,14.65,-86.1333333,85.33,44,62,6.24
16381,id,margahayu,-6.970833,107.5675,64.27,67,36,1.83
37248,ru,nizhniy mamon,50.1937,40.5083,63.19,97,100,10.6
25680,nl,spijkenisse,51.841105,4.315098,83.05,57,0,10.29
15190,hn,santa rosa de copan,14.766666699999998,-88.7833333,84,30,48,4.68
27033,ph,amungan,15.3652,119.9582,78.8,94,90,4.7
17628,in,dumra,26.566667,85.516667,79.57,91,100,4.41
4739,ca,lewisporte,49.233333,-55.066667,63.3,82,75,5.82
39976,sv,santo tomas,13.6408333,-89.1333333,85.23,69,40,3.36
17264,in,bhongaon,27.25,79.18333299999999,81.73,72,100,9.33
46156,us,sussex,43.133888899999995,-88.2219444,78.8,36,1,3.83
30986,pk,tandlianwala,31.033333000000002,73.133333,101.89,32,35,11.18
41088,tz,singida,-4.8166667,34.75,69.13,30,0,8.61
26251,nz,ngatea,-37.283333,175.5,46.63,100,5,1.12
28938,ph,malinao,14.0,121.83333300000001,81,83,76,1.99
62,af,taywarah,33.521176000000004,64.42115600000001,67.15,21,0,6.67
35471,ru,bolshiye klyuchishchi,54.141148,48.235753,71.6,73,12,4.47
45515,us,alcoa,35.789444399999994,-83.9738889,78.1,47,1,5.86
36256,ru,kez,57.89785500000001,53.71520699999999,59.95,87,7,3.58
41576,ua,orativ,49.188893,29.526971000000003,71.6,53,20,8.95
32885,ro,dej,47.15,23.866667,73.4,43,0,6.93
3852,br,santa cruz cabralia,-16.283333,-39.033333,75.2,78,90,5.82
31459,pt,alcanede,39.415009999999995,-8.821886,76.06,73,0,9.17
45486,us,north myrtle beach,33.8158333,-78.6802778,79.27,69,1,9.17
7141,co,paipa,5.780130000000001,-73.117082,73.99,59,71,5.03
33756,ro,osorheiu,47.033333,22.05,77,50,0,9.17
36588,ru,krasnoyarsk-45,56.1124,94.5985,54.19,92,79,7.16
3132,br,itaquaquecetuba,-23.483333,-46.35,78.48,47,0,5.82
5002,ca,smiths falls,44.9,-76.016667,75.42,53,1,6.93
20171,it,brugherio,45.55,9.3,90.68,46,0,3.36
6166,cn,liuhe,42.240066,125.717173,69.85,95,3,8.79
12772,gb,middleton,53.55,-2.2,76.15,61,40,6.93
44924,us,matthews,35.1166667,-80.7238889,80.91,32,1,5.82
30213,ph,sinait,15.5367,120.5851,78.8,94,90,4.7
40895,tz,itigi,-5.7,34.4833333,66.79,27,4,6.49
26921,ph,abiera,11.5749,122.09,81.19,79,0,11.7
3742,br,presidente medici,-11.283333,-61.916667000000004,97.93,20,52,4.32
19128,in,rajnagar,24.733333,79.95,80.47,87,100,9.28
37871,ru,rechitsy,55.597537,38.471343,63.46,77,40,2.24
969,az,aran,40.625278,46.975556,82.54,45,40,6.93
26520,pa,puerto armuelles,8.2833333,-82.8666667,73.4,74,20,5.82
2347,br,apiai,-24.511926000000003,-48.844671000000005,77.41,44,2,4.18
26831,pe,yanahuanca,-10.516666699999998,-76.49861109999999,51.13,48,99,7.11
40634,tr,kirac,41.037222,28.643333000000002,73.8,64,20,12.75
15287,hr,senj,44.9894444,14.905833300000001,87.87,46,0,3.36
36918,ru,malaya vishera,58.845383,32.222175,57.79,92,83,4.05
14018,gr,neon ayionerion,40.8086111,22.700277800000002,79.29,61,40,11.41
7008,co,lebrija,7.113167999999999,-73.2178,80.51,78,40,8.05
2382,br,araxa,-19.583333,-46.916667,78.8,41,40,8.05
11525,fr,clichy,48.90018,2.309525,99,22,0,4.7
5457,ch,pfaffikon,47.364528,8.78395,87.93,15,76,1.99
39699,sk,stropkov,49.2,21.65,68.29,68,75,8.05
17262,in,bhiwani,28.783333000000002,76.133333,94.33,50,100,8.66
19346,in,seondha,26.157778,78.77972199999999,82.4,83,75,2.24
4953,ca,saint-jean-de-dieu,48.016667,-69.05,57.79,66,0,12.86
8025,cz,kdyne,49.392123,13.039451,82.29,26,0,3.36
16603,ie,boyle,53.966666700000005,-8.3,64.26,93,90,8.05
14037,gr,nision,40.6369444,22.387777800000002,79.48,61,40,11.41
45868,us,hartford,43.6605556,-72.33888890000001,75.38,36,40,8.05
33914,ro,ponoarele,44.973889,22.764444,62.65,84,38,3.96
7932,cz,dvur kralove,50.429766,15.813811999999999,85.15,31,0,3.36
22839,mk,bistrica,40.9833333,21.3666667,77,38,40,5.82
15277,hr,opatija,45.3391667,14.308333300000001,87.8,49,0,2.24
32667,ro,ciofrangeni,45.083333,24.533333,65.17,82,20,1.92
16565,id,wates,-7.6072,112.0505,69.13,86,56,6.93
8495,de,bad ems,50.333333,7.716667,94.5,26,0,3.36
32,af,herat,34.348167,62.199673,91.4,14,0,9.17
6413,cn,xiaoshi,41.297111,124.12091799999999,78.8,83,20,4.47
44256,us,picayune,30.525277799999998,-89.67944440000001,84.31,54,40,6.93
45838,us,murray,40.6669444,-111.88722220000001,84.45,37,75,4.7
30547,ph,tuban,6.822778,125.386944,77,100,40,3.36
41016,tz,monduli,-3.3,36.45,68,68,20,6.93
21765,jp,shimabara,32.783333,130.366667,79.54,69,75,9.17
18685,in,muragachha,23.533333,88.4,80.47,88,100,9.1
17332,in,botad,22.166667,71.666667,82.09,80,100,16.42
41922,ua,zhovtneve,49.987839,29.531291999999997,64.45,83,56,7.81
19076,in,pusad,19.9,77.583333,82.99,70,100,15.19
23224,mv,dhidhdhoo,6.883333299999999,73.1,82.27,74,100,11.99
10085,dk,norre aaby,55.461073999999996,9.8794,78.04,45,0,8.05
40758,tt,scarborough,11.183333300000001,-60.7333333,87.8,66,20,13.87
21544,jp,maizuru,35.45,135.333333,75.24,90,92,3.18
13,af,asadabad,34.873113000000004,71.14697,72.37,63,85,2.62
30269,ph,sumagui,12.795316999999999,121.474015,68.95,95,62,0.81
20051,it,alassio,44.0,8.166667,84.6,48,5,14.99
18657,in,mudbidri,13.083333,74.983333,75.2,94,75,4.7
29333,ph,pakil,14.3835,121.4786,82.47,78,40,4.7
14726,gw,canchungo,12.0672222,-16.033333300000002,86.18,83,75,5.82
17920,in,ingraj bazar,25.0,88.15,79.57,92,100,6.55
26070,no,sovik,60.216111,5.387222,68.63,77,0,24.16
32569,ro,carlogani,44.516667,24.15,78.03,47,37,3.36
10954,es,oria,43.255303999999995,-2.019831,87.06,78,0,4.7
37554,ru,pashiya,58.4324,58.2562,59.05,75,53,2.17
37438,ru,oktyabrskiy,49.057975,140.248999,51.49,95,100,3.65
45478,us,laurens,34.4988889,-82.0144444,81.52,41,1,6.93
35021,rs,ub,44.456111,20.073889,75.67,47,0,5.82
24851,mx,villa corzo,16.166667,-93.25,78.8,78,75,1.07
22375,lt,jieznas,54.6,24.1666667,75.2,57,0,5.17
12295,gb,bedford,52.133333,-0.45,83.93,42,0,13.87
42515,us,rossmoor,33.7855556,-118.08416670000001,85.91,42,1,4.7
29588,ph,pulupandan,10.5203,122.8017,81.01,79,13,10.51
24510,mx,santos reyes nopala,16.109167000000003,-97.156111,87.8,58,40,5.82
34367,ro,stramtura,47.783333,24.133333,73.4,56,0,5.82
41877,ua,yabluniv,48.404178,24.93874,69.8,64,0,8.95
27239,ph,baliwagan,10.3971,122.8911,81.01,79,13,10.51
20074,it,anzio,41.45,12.616667,88.21,35,0,6.93
36616,ru,krasnyy kut,50.95,46.966667,72.01,46,0,11.03
27217,ph,balete,13.8754,121.204,81,83,100,1.99
41134,ua,baherove,45.374174,36.297047,77.05,69,100,11.41
45781,us,stafford,29.6158333,-95.5575,84.18,48,1,10.29
16928,in,amur,18.8,78.283333,83.71,68,85,11.56
46483,ws,lufilufi,-13.85,-171.58333330000002,75,94,42,3
22771,mg,ambatofinandrahana,-20.55,46.8,52.21,82,0,5.23
34776,ro,vurpar,45.9,24.35,73.4,53,40,5.82
18249,in,khed,17.716667,73.383333,80.29,87,100,11.52
20779,it,pinerolo,44.883333,7.35,85.57,58,0,5.82
14676,gt,santa maria ixhuatan,14.19,-90.274722,83.64,47,90,11.41
23979,mx,joquicingo,19.05,-99.466667,66.99,64,75,4.36
15313,ht,gonaives,19.45,-72.6833333,87.8,55,20,9.17
10818,es,gibraleon,37.37628,-6.968952000000001,95,40,0,3
27898,ph,cayang,11.066667,123.983333,81.55,74,0,10.96
43163,us,blackfoot,43.1905556,-112.34416670000002,81.55,30,40,19.46
28948,ph,maloco,11.7832,122.152,82.09,78,10,12.97
5019,ca,stettler,52.333333,-112.683333,70,74,51,7
11604,fr,floirac,44.83238,-0.514107,97.99,31,0,3.36
629,at,himberg,48.083333,16.433332999999998,85.66,38,0,5.82
28798,ph,mabini,17.096943,121.73724299999999,75.43,90,100,1.05
17532,in,dera baba nanak,32.033333,75.016667,87.8,79,20,3.36
43626,us,eunice,30.4941667,-92.4175,82.15,57,40,11.41
39538,si,limbus,46.553611100000005,15.5836111,80.64,54,0,4.7
7232,co,ramiriqui,5.400205000000001,-73.335437,63.37,64,79,7.52
38400,ru,sukhinichi,54.09989399999999,35.342544000000004,60.67,93,99,5.93
15897,hu,patroha,48.166667,22.0,71.6,64,40,6.71
26042,no,siljan,59.3,9.7,75.97,56,0,9.17
1548,be,herk-de-stad,50.933333000000005,5.1666669999999995,93.81,32,54,3.36
1915,bg,blagoevgrad,42.0166667,23.1,54,74,0,7.23
2732,br,charqueadas,-29.966666999999998,-51.633333,61.18,100,90,4.7
29307,ph,paagahan,14.4447,121.40100000000001,82.47,78,40,4.7
5170,cd,kikwit,-5.038611,18.818056,82.09,20,22,1.5
44912,us,indian trail,35.076666700000004,-80.6694444,81.01,32,1,5.82
36933,ru,malysheva,57.118506000000004,61.403445999999995,62.6,93,0,4.47
9028,de,hochheim,50.016667,8.35,95.52,20,0,3.36
16917,in,amloh,30.6084,76.2319,84.2,100,75,3.36
3276,br,limoeiro do ajuru,-1.916667,-49.383333,87.31,58,77,1.86
39407,se,enkoping,59.63333299999999,17.066667000000002,77.63,50,0,4.7
15522,hu,ecsed,47.732667,19.766962,81.23,48,0,9.17
22274,li,schaan,47.1666667,9.5,85.51,52,0,3.36
8437,de,aerzen,52.033333,9.266667,93.94,28,20,6.93
44294,us,jackson,37.3822222,-89.6661111,79.92,51,1,8.05
9562,de,ruthen,51.483333,8.45,94.24,30,0,4.7
22255,lb,jubayl,34.1166667,35.65,78.04,69,20,9.17
23021,mm,pyapon,16.283333300000002,95.6833333,78.13,89,100,8.34
43506,us,des moines,41.60055560000001,-93.60888890000001,79.03,47,75,4.47
5897,cn,dandong,40.129166999999995,124.394722,74.35,99,76,4.56
3741,br,presidente epitacio,-21.766667,-52.1,84.61,34,27,3.71
21784,jp,shiroi,35.8,140.066667,77.05,100,20,1.12
34997,rs,smederevska palanka,44.365833,20.962778,78.35,54,20,3.36
30223,ph,sinonoc,8.3096,123.8461,72.19,94,86,3.78
14674,gt,santa maria chiquimula,15.030278,-91.329167,78.44,58,75,4.7
38271,ru,sosnovka,54.479403000000005,43.286497999999995,63.55,88,100,1.32
209,am,baghramyan,40.1908333,43.849444399999996,80.31,31,60,3.36
20286,it,catanzaro,38.9,16.583333,84.29,74,20,6.93
43444,us,griffith,41.5283333,-87.42361109999999,78.35,50,5,8.05
46807,zw,chegutu,-18.1333333,30.15,64.63,15,0,8.79
37210,ru,nikolayevskaya,47.613912,41.502297999999996,70.57,81,83,4.45
26996,ph,alicante,10.897038,123.01850400000001,80.83,82,0,16.11
6389,cn,wuan,36.694444,114.196389,80.11,46,29,3.44
43041,us,albany,31.578333299999997,-84.1558333,81.09,57,90,9.17
15518,hu,dunavarsany,47.278588,19.066167999999998,81.39,48,0,9.17
27281,ph,banganan,16.3144,121.0544,66.25,96,100,1.39
46197,uy,florida,-34.095555600000004,-56.2141667,51.31,67,100,11.23
31185,pl,libiaz,50.100376000000004,19.322176000000002,74.79,64,20,4.7
14934,hn,jicaro galan,13.531666699999999,-87.43888890000001,85.98,45,40,16.11
12828,gb,ochiltree,55.45,-4.366667,70.92,64,20,11.41
41933,ua,zorya,45.990796,29.696721000000004,73.09,50,82,6.46
37357,ru,novosineglazovskiy,55.0401,61.3792,64.76,82,20,6.71
12464,gb,denton,53.45,-2.1166669999999996,76.1,61,40,6.93
1932,bg,devin,41.7333333,24.4,77,50,7,2.24
29468,ph,pavia,10.776111,122.545556,73.99,90,0,5.08
33044,ro,fitionesti,45.983333,27.05,73.4,64,0,3.36
8223,cz,pribyslav,49.57721,15.738639000000001,85.89,31,0,4.7
1821,be,westerlo,51.083333,4.9166669999999995,93.04,43,0,12.75
27911,ph,claver,9.5749,125.7307,79.93,82,2,5.61
38635,ru,tukan,53.8409,57.4552,56.71,95,2,1.97
26912,pg,samarai,-10.616666699999998,150.66666669999998,67.15,86,18,3.42
41071,tz,nyalikungu,-3.1833332999999997,33.783333299999995,73.09,26,0,4.85
4800,ca,montmagny,46.966667,-70.55,68.72,46,40,4.85
6836,co,el penon,6.55,-72.833333,74.53,57,84,5.17
3363,br,matelandia,-25.2413,-53.983000000000004,75.18,44,20,25.28
46653,za,paarl,-33.733781,18.975228,55.63,76,40,16.11
4426,ca,amqui,48.466667,-67.43333299999999,64.4,48,20,13.87
18114,in,kanina,28.333333000000003,76.31666700000001,92.53,52,100,13.29
32324,ro,biharia,47.15,21.916667,77,50,0,9.17
16090,hu,tiszaluc,48.033333,21.083333,72.01,73,64,3.74
41083,tz,same,-4.0666667,37.7333333,69.31,47,0,14.88
13288,gn,yomou,7.560277799999999,-9.2652778,76.15,87,32,4.07
1346,bd,teknaf,20.8666667,92.3,82.45,85,100,14.07
28658,ph,limbuhan,11.883764999999999,124.05010700000001,80.29,81,0,14.63
39625,sk,detva,48.5666667,19.4166667,82.4,39,20,5.82
1823,be,wevelgem,50.8,3.166667,89.58,32,0,8.05
32534,ro,calinesti,44.083333,25.233333,77,50,11,5.06
34434,ro,targu ocna,46.283333,26.616667,73.4,64,0,3.36
21615,jp,nagato,34.383333,131.2,77.34,88,75,3.36
8896,de,gersthofen,48.416667,10.883333,89.4,31,0,3.36
4913,ca,riviere-au-renard,48.983333,-64.383333,64.4,68,75,16.11
23258,mw,mponela,-13.516666699999998,33.716666700000005,57.07,56,0,3.31
3036,br,indaial,-26.8922,-49.2239,76.91,83,0,6.93
2713,br,catu,-12.35,-38.383333,80.6,69,40,10.29
8757,de,eichenau,48.166667,11.316667,89.02,38,0,5.82
37015,ru,mezhdurechensk,63.24555600000001,48.553333,60.13,76,52,1.81
43754,us,coral hills,38.8702778,-76.92138890000001,82.09,54,40,10.71
34390,ro,sulina,45.15,29.666666999999997,74.89,48,84,7.56
3572,br,paranapanema,-23.383333,-48.716667,78.31,46,0,7.45
29698,ph,saguday,16.5428,121.5638,72.55,95,100,3.4
27319,ph,baras,11.183333,125.016667,78.13,82,0,3.51
23363,mx,amecameca,19.116667,-98.766667,67.98,64,75,5.06
2315,br,alvorada,-12.47,-49.082221999999994,95.23,22,10,5.1
843,au,gladstone,-23.84761,151.256348,54.05,87,0,6.93
42299,us,el centro,32.7919444,-115.56222220000001,97.41,41,1,21.92
46542,za,allanridge,-27.754306,26.643825,39,52,0,0.78
27378,ph,battung,17.716667,121.483333,67.69,97,100,1.21
42687,us,wheat ridge,39.7661111,-105.07666670000002,88.43,22,1,8.05
25703,nl,veendam,53.11485699999999,6.896614,93.81,26,37,6.93
37229,ru,nizhneshilovka,43.473620000000004,40.000101,70.09,83,90,4.47
17944,in,jahangirabad,28.416666999999997,78.1,81.73,75,100,11.05
14011,gr,neokhorion,41.5166667,26.45,73,56,65,6.38
15736,hu,kunfeherto,46.360914,19.41454,82.4,39,0,2.24
1132,ba,konjic,43.6519444,17.9613889,86.09,51,20,6.93
33953,ro,pufesti,46.0,27.2,73.4,64,0,3.36
6675,co,cacota,7.2678720000000006,-72.64196899999999,75.2,78,40,8.05
26135,no,verdalsora,63.8,11.483333,77.74,61,0,8.05
20946,it,santa marinella,42.033333,11.85,86.49,62,0,8.05
14545,gt,parramos,14.607778,-90.80305600000001,77,47,90,11.41
42281,us,daly city,37.7058333,-122.46083329999999,73.8,72,20,5.82
9421,de,olching,48.2,11.333333,89.02,38,0,5.82
23118,mt,siggiewi,35.855556,14.436389000000002,83.37,54,0,4.7
7403,co,soledad,10.918433,-74.76459,87.6,63,75,12.75
29330,ph,paitan,16.085316,120.031636,76.33,93,100,0.83
46452,vn,vinh,18.666667,105.66666699999999,78.31,71,99,3.98
46044,us,shelton,47.2152778,-123.09944440000001,65.66,63,90,4.7
24824,mx,valle de allende,26.933333,-105.4,77.41,44,64,9.08
40005,sy,nawa,32.8833333,36.05,70.03,61,0,10.8
41900,ua,zalishchyky,48.643314000000004,25.737944,72.01,49,0,6.71
4735,ca,leamington,42.05,-82.583333,76.46,41,40,9.17
668,at,liezen,47.566666999999995,14.233332999999998,83.39,45,0,13.87
25374,ni,bonanza,14.016666699999998,-84.58333329999999,80.65,81,72,3
34630,ro,valea lui mihai,47.516667,22.15,75.45,50,0,9.17
18112,in,kangra,32.1,76.266667,89.11,65,97,10.69
13577,gr,galatista,40.466666700000005,23.283333300000002,79.16,61,40,11.41
22981,mm,bago,17.3333333,96.4833333,78.8,94,75,3.36
35700,ru,divnomorskoye,44.5017,38.1342,74.71,76,9,8.16
46435,vn,qui nhon,13.766667000000002,109.233333,75.79,86,100,5.39
32860,ro,damuc,46.8,25.9,54.37,93,3,2.48
46202,uy,maldonado,-34.9,-54.95,51.8,62,90,11.41
9360,de,neumunster,54.066667,9.983333,84.6,43,20,9.17
17610,in,dispur,26.1425,91.788889,86,84,75,2.04
17685,in,gajendragarh,15.733332999999998,75.983333,75.07,79,100,14.32
25283,ng,ikorodu,6.615483,3.5086730000000004,80.6,83,20,4.7
10045,dk,kerteminde,55.450483999999996,10.658433,75,72,1,9.37
33970,ro,racova,46.7,26.75,73.4,64,0,3.36
27529,ph,bued,16.1622,119.9973,84.43,70,100,5.23
14947,hn,la concepcion,14.7,-86.2333333,85.33,44,62,6.24
42879,us,kings point,26.445,-80.14,92.95,59,40,9.17
13552,gr,farsala,39.2947222,22.3847222,78.44,65,20,13.87
745,at,traun,48.216667,14.233332999999998,85.48,24,0,2.24
39199,ru,zarubino,42.63,131.092222,67.15,99,90,1.52
12882,gb,redcar,54.6075,-1.059444,75.9,60,20,10.29
13751,gr,khrisokastron,40.8833333,24.1833333,77.67,65,20,3.36
9206,de,lich,50.516667,8.833333,93.15,26,0,3.36
8604,de,blomberg,51.933333000000005,9.083333,93.85,28,20,6.93
37532,ru,palana,59.11666700000001,159.966667,48.43,72,55,18.05
27724,ph,calatagan,13.5885,124.2065,83.53,76,76,7.18
34376,ro,studina,43.966667,24.416667,78.53,47,5,3.36
39802,sn,bambey,14.7,-16.466666699999998,86,62,0,16.11
16202,id,baturaja,-4.133333,104.166667,68.95,91,23,2.15
34677,ro,varsolt,47.2,22.933332999999998,73.24,69,4,2.24
13003,gb,tobermory,56.63333299999999,-6.0833330000000005,63.63,93,93,9.17
11216,fi,forssa,60.816667,23.633333,75.13,47,0,10.29
46672,za,richards bay,-28.775416999999997,32.054005,69.67,52,0,14.63
24950,mx,zitlaltepec,19.206944,-97.908333,68,64,40,3.36
15272,hr,nasice,45.4886111,18.0877778,83.41,48,0,4.7
44125,us,woodhaven,42.1388889,-83.2416667,76.95,42,20,9.17
41740,ua,solotvyn,48.702121999999996,24.42212,69.8,64,0,8.95
2078,bg,teteven,42.9166667,24.2666667,80.6,42,5,2.84
36873,ru,lukovetskiy,64.2956,41.9211,64.4,88,20,2.24
44163,us,golden valley,45.0097222,-93.3488889,82.04,44,40,4.7
14578,gt,san antonio aguas calientes,14.539722,-90.769444,84.16,47,90,11.41
46675,za,robertson,-33.803418,19.885374,45.91,92,35,4.61
41725,ua,slavuta,50.301552,26.865060999999997,65.17,89,2,7.63
37520,ru,otrado-kubanskoye,45.244167,40.840833,73.63,81,15,5.41
16677,ie,macroom,51.9,-8.95,64.29,93,75,13.87
12585,gb,gullane,56.033333,-2.816667,70.77,60,20,14.99
20400,it,fagnano olona,45.666667,8.866667,90.05,43,0,8.05
5115,ca,windsor,44.983333,-64.133333,69.71,77,90,1.39
14168,gr,preveza,38.95,20.75,82.4,65,20,4.7
8558,de,barsbuttel,53.566667,10.166667,86.67,31,0,9.17
33562,ro,miercurea sibiului,45.883333,23.8,74.53,53,40,5.82
24252,mx,pabellon de arteaga,22.15,-102.25,71.6,49,40,2.24
26663,pe,ilabaya,-17.4208333,-70.5133333,61.39,57,80,5.66
1160,ba,novi travnik,44.171111100000005,17.6575,80.6,51,20,6.93
6553,cn,zouxian,35.400556,116.965556,87.01,71,48,7.52
24584,mx,tecamachalco,18.883333,-97.733333,69.01,73,76,3
40918,tz,kibondo,-3.5863888999999998,30.720277799999998,71.11,45,58,3.69
44371,us,hastings,40.586111100000004,-98.3880556,76.33,57,1,11.41
12858,gb,portadown,54.433333,-6.45,67.41,72,20,9.17
29577,ph,puerto galera,13.5006,120.9548,81,83,98,1.99
12896,gb,royal leamington spa,52.3,-1.533333,78.55,57,20,8.05
46788,zm,mwinilunga,-11.733333300000002,24.4333333,61.03,25,0,4.27
34752,ro,voinesti,45.066666999999995,25.25,64.45,84,49,2.8
2248,bo,uyuni,-20.466666699999998,-66.83333329999999,31.51,99,100,14.92
10874,es,leganes,40.326946,-3.760422,97.21,18,0,12.75
3550,br,palotina,-24.283333,-53.833332999999996,82.4,42,0,9.17
22936,mk,vrapciste,41.8338889,20.8852778,80.6,39,20,11.41
27287,ph,bangued,17.5982,120.6155,75.79,92,100,2.86
506,ar,neuquen,-38.951606,-68.059102,50,46,0,3.36
4916,ca,roblin,51.233333,-101.35,73.81,78,80,10.18
27762,ph,camambugan,10.058439,124.438107,80.6,78,40,3.36
33539,ro,maxineni,45.4,27.633333,75.2,50,75,6.93
13388,gr,angelokhorion,40.4972222,22.8344444,79.16,61,40,11.41
4819,ca,new glasgow,45.583333,-62.63333299999999,71.69,82,100,3
14864,hn,el maranon,15.4,-88.05,88.54,62,40,2.24
20014,is,bolungarvik,66.15,-23.25,50.52,81,90,18.34
29173,ph,muladbucad,13.2389,123.6057,74.89,95,83,4.85
33947,ro,prundeni,44.733333,24.266667,78.03,47,65,3.36
16292,id,jambi,-1.6,103.616667,71.83,87,25,2.37
24219,mx,ocotepec,16.8,-96.4,71.6,56,40,4.07
4343,bw,mookane,-23.7333333,26.633333299999997,57.97,17,0,1.81
16959,in,arantangi,10.166667,78.983333,78.85,82,52,4.38
18022,in,jhinjhana,29.516666999999998,77.216667,91.81,50,56,10.22
26725,pe,pacanga,-7.1666667,-79.5,66.2,29,0,18.34
33547,ro,merei,45.133333,26.683333,60.24,50,75,6.93
30991,pk,tangi,34.300556,71.653611,93.61,41,0,4.21
46739,zm,chibombo,-14.65,28.066666700000003,60.49,27,0,7.02
19097,in,rahimatpur,17.6,74.2,71.11,92,100,9.93
12150,fr,vieux-conde,50.45944,3.567375,92.12,38,31,8.05
44782,us,massapequa park,40.6802778,-73.4555556,80.29,51,75,9.17
1036,az,xacmaz,41.463489,48.80605,73.27,53,2,5.14
44526,us,fords,40.529166700000005,-74.3163889,81.34,45,75,5.82
36881,ru,lvovskoye,45.007808000000004,38.599928000000006,74.05,78,0,8.21
26330,nz,whangamata,-37.2,175.866667,47.95,91,1,3
31679,pt,moncarapacho,37.088631,-7.787223,80.08,73,0,10.29
9604,de,schopfheim,47.65,7.816667,90.88,21,0,1.12
21383,jp,ise,34.483333,136.7,78.33,88,20,10.29
21411,jp,iyo,33.751389,132.70138899999998,78.87,83,75,3.36
42806,us,coconut creek,26.251388899999995,-80.1791667,93.11,59,40,9.17
42103,us,cottonwood,34.7391667,-112.00916670000001,75.34,53,75,3.36
30087,ph,santa rosa,13.5402,122.3912,80.47,78,61,5.3
3122,br,itapipoca,-3.5,-39.583333,91.45,38,77,7.78
28098,ph,don pedro,15.8894,120.4281,76.33,93,100,0.83
10282,dz,adrar,27.9,-0.2833333,107.6,10,0,19.46
11186,et,korem,12.505833,39.522778,65.71,64,80,2.53
16520,id,sumbawa,-8.5,117.433333,68.05,80,7,4.36
19270,in,samastipur,25.85,85.783333,80.47,90,100,3
